{

	"type":"origins:fire_projectile",
	"entity_type":"minecraft:small_fireball",
	"cooldown":50,
	"count":1,
	"speed":0.5,
"divergence":0,
	"hud_render":{
		"should_render": true,
		"sprite_location": "origins:textures/gui/community/spiderkolo/resource_bar_01.png",
		"bar_index":5
	},
	"tag": "{ExplosionPower:12,Tags:[\"fire\"]}",
	"key":"primary",
	"name": "Fire Ball",
	"description": "Harness the power of your ancestors! Ignite the gas inside of you and launch a small fire ball in any direction!"
	
}