{
  "type": "origins:modify_break_speed",
  "name": "Transluscent Arms",
  "description": "Without nightvision, you lack the hand-eye coordination to break precious minerals.",
  "modifier": {
    "name": "Unbreakable natural stone",
    "value": -1,
    "operation": "multiply_total"
  },
  "block_condition": {
    "type": "origins:and",
    "conditions": [
      {
        "type": "origins:in_tag",
        "tag": "oripack:phantom_tag"
      }
    ]
  },
  "condition": {
    "type": "origins:status_effect",
    "effect": "minecraft:night_vision",
    "inverted": true
  }
}