{
  "type": "origins:multiple",
"name":"Unarmed Strike",
"description":"You deal more damage when unarmed.",
  "hand": {
    "type": "origins:modify_damage_dealt",
    "modifier": {
      "name": "Unarmed Strike",
      "value": 2.0,
      "operation": "addition"
    },
    "condition": {
      "type": "origins:equipped_item",
      "equipment_slot": "mainhand",
      "item_condition": {
        "type": "origins:ingredient",
        "ingredient": {
        "item": "minecraft:air"
        }
      }
    }
  },
  "staff": {
    "type": "origins:modify_damage_dealt",
    "modifier": {
      "name": "Martial Weapon",
      "value": 3.0,
      "operation": "addition"
    },
    "condition": {
      "type": "origins:equipped_item",
      "equipment_slot": "mainhand",
      "item_condition": {
        "type": "origins:ingredient",
        "ingredient": {
        "item": "minecraft:stick"
        }
      }
    }
  }
}