{
  "powers": [
    "origins:fire_immunity",
    "origins:nether_spawn",
    "origins:water_vulnerability",
    "moborigins:lava_walk",
    "moborigins:lava_speed",
    "moborigins:surface_slowness",
    "moborigins:rideable_creature",
    "moborigins:strider_shake"
  ],
  "icon": "minecraft:basalt",
  "order": 4,
  "impact": 3,
"name":"Scorch",
"description":"Whilst they have a menacing name, the Scorch are actually quite hospitable creatures, often ferrying people across long gaps of lava."
,"loading_priority":382476}