{
  "type": "cursedorigins:eat_grass",
  "cooldown": 5,
"description":"You can eat grass and grass variants, but you can't eat anything else.",
  "hud_render": {
    "should_render": false
  },
  "key": {
    "key": "key.use",
    "continuous": true
  },
  "condition" : {
    "type" : "origins:equipped_item",
    "equipment_slot": "mainhand",
    "item_condition": {
      "type": "origins:ingredient",
      "ingredient": {
        "item": "minecraft:air"
      }
    }
  }
,"loading_priority":382476}