{
  "type": "origins:burn",
  "description":"Your skin is burnt by the cold fetters of iron.",
  "interval": 5,
  "burn_duration": 5,
  "condition": {
    "type": "origins:or",
    "conditions": [
      {
        "type": "origins:equipped_item",
        "equipment_slot": "head",
        "item_condition": {
          "type": "origins:ingredient",
          "ingredient": {
            "item": "minecraft:iron_helmet"
          }
        }
      },
      {
        "type": "origins:equipped_item",
        "equipment_slot": "chest",
        "item_condition": {
          "type": "origins:ingredient",
          "ingredient": {
            "item": "minecraft:iron_chestplate"
          }
        }
      },
      {
        "type": "origins:equipped_item",
        "equipment_slot": "legs",
        "item_condition": {
          "type": "origins:ingredient",
          "ingredient": {
            "item": "minecraft:iron_leggings"
          }
        }
      },
      {
        "type": "origins:equipped_item",
        "equipment_slot": "feet",
        "item_condition": {
          "type": "origins:ingredient",
          "ingredient": {
            "item": "minecraft:iron_boots"
          }
        }
      },
      {
        "type": "origins:equipped_item",
        "equipment_slot": "head",
        "item_condition": {
          "type": "origins:ingredient",
          "ingredient": {
            "item": "minecraft:chainmail_helmet"
          }
        }
      },
      {
        "type": "origins:equipped_item",
        "equipment_slot": "chest",
        "item_condition": {
          "type": "origins:ingredient",
          "ingredient": {
            "item": "minecraft:chainmail_chestplate"
          }
        }
      },
      {
        "type": "origins:equipped_item",
        "equipment_slot": "legs",
        "item_condition": {
          "type": "origins:ingredient",
          "ingredient": {
            "item": "minecraft:chainmail_leggings"
          }
        }
      },
      {
        "type": "origins:equipped_item",
        "equipment_slot": "feet",
        "item_condition": {
          "type": "origins:ingredient",
          "ingredient": {
            "item": "minecraft:chainmail_boots"
          }
        }
      }
    ]
  }

,"loading_priority":382476}