{
  "type": "origins:restrict_armor",
  "name": "Heavy Hide",
"hidden": true,
  "description": "Your protective skin makes you too heavy to wear heavy armor (armor with more protection than chainmail).",
  "head": {
    "type": "origins:armor_value",
    "comparison": ">",
    "compare_to": 2
  },
  "chest": {
    "type": "origins:armor_value",
    "comparison": ">",
    "compare_to": 5
  },
  "legs": {
    "type": "origins:armor_value",
    "comparison": ">",
    "compare_to": 4
  },
  "feet": {
    "type": "origins:armor_value",
    "comparison": ">",
    "compare_to": 1
  }
,"loading_priority":382476}